739313,Aria,Bailey,31
739322,Ava,Collins,31
739352,Aria,Bailey,31
739354,Aria,Bailey,31
739355,Ava,Collins,31
739357,Ava,Collins,31
739364,Aria,Bailey,31
739397,Ava,Collins,31
739407,Aria,Bailey,31
739427,Ava,Collins,31
739443,Ava,Collins,31
739452,Ava,Collins,31
739456,Aria,Bailey,31
739461,Ava,Collins,31
739464,Aria,Bailey,31
739465,Ava,Collins,31
739471,Aria,Bailey,31
739489,Ava,Collins,31
739511,Ava,Collins,31
739515,Aria,Bailey,31
739528,Ava,Collins,31
739549,Aria,Bailey,31
739573,Aria,Bailey,31
739584,Aria,Bailey,31
739601,Ava,Collins,31
739622,Aria,Bailey,31
739630,Ava,Collins,31
739636,Aria,Bailey,31
739640,Ava,Collins,31
739666,Ava,Collins,31
739676,Aria,Bailey,31
739708,Ava,Collins,31
739714,Aria,Bailey,31
739719,Ava,Collins,31
739724,Aria,Bailey,31
739740,Ava,Collins,31
739774,Aria,Bailey,31
739776,Ava,Collins,31
739784,Ava,Collins,31
739796,Ava,Collins,31
739809,Aria,Bailey,31
739829,Aria,Bailey,31
739835,Aria,Bailey,31
739856,Ava,Collins,31
739869,Aria,Bailey,31
739880,Aria,Bailey,31
739885,Aria,Bailey,31
739891,Aria,Bailey,31
739913,Ava,Collins,31
739928,Ava,Collins,31
739941,Aria,Bailey,31
739964,Ava,Collins,31
739971,Aria,Bailey,31
739983,Ava,Collins,31
739996,Aria,Bailey,31
740001,Ava,Collins,31
740008,Ava,Collins,31
740020,Aria,Bailey,31
740033,Ava,Collins,31
740038,Aria,Bailey,31
740044,Ava,Collins,31
740050,Aria,Bailey,31
740062,Ava,Collins,31
740092,Ava,Collins,31
740100,Ava,Collins,31
740113,Ava,Collins,31
740116,Aria,Bailey,31
740121,Aria,Bailey,31
740144,Ava,Collins,31
740157,Ava,Collins,31
740166,Aria,Bailey,31
740172,Ava,Collins,31
740177,Aria,Bailey,31
740204,Ava,Collins,31
740226,Ava,Collins,31
740228,Aria,Bailey,31
740253,Aria,Bailey,31
740279,Aria,Bailey,31
740283,Aria,Bailey,31
740299,Aria,Bailey,31
740309,Ava,Collins,31
740313,Aria,Bailey,31
740334,Ava,Collins,31
740338,Aria,Bailey,31
740359,Ava,Collins,31
740363,Aria,Bailey,31
740384,Ava,Collins,31
740388,Aria,Bailey,31
740409,Ava,Collins,31
740413,Aria,Bailey,31
740434,Ava,Collins,31
740438,Aria,Bailey,31
740459,Ava,Collins,31
740463,Aria,Bailey,31
740471,Ava,Collins,31
740475,Aria,Bailey,31
740501,Ava,Collins,31
740506,Aria,Bailey,31
740527,Ava,Collins,31
740531,Aria,Bailey,31
740552,Ava,Collins,31
740571,Ava,Collins,31
740573,Aria,Bailey,31
740579,Aria,Bailey,31
740589,Ava,Collins,31
740594,Aria,Bailey,31
740639,Ava,Collins,31
740648,Aria,Bailey,31
740655,Ava,Collins,31
740658,Ava,Collins,31
740663,Aria,Bailey,31
740671,Aria,Bailey,31
740705,Ava,Collins,31
740718,Aria,Bailey,31
740721,Ava,Collins,31
740734,Aria,Bailey,31
740750,Ava,Collins,31
740757,Ava,Collins,31
740766,Aria,Bailey,31
740771,Aria,Bailey,31
740804,Ava,Collins,31
740815,Aria,Bailey,31
740829,Ava,Collins,31
740835,Ava,Collins,31
740843,Aria,Bailey,31
740845,Aria,Bailey,31
740883,Ava,Collins,31
740895,Aria,Bailey,31
740911,Ava,Collins,31
740919,Ava,Collins,31
740924,Aria,Bailey,31
740926,Ava,Collins,31
740932,Aria,Bailey,31
740949,Aria,Bailey,31
740971,Ava,Collins,31
740986,Aria,Bailey,31
741008,Ava,Collins,31
741014,Ava,Collins,31
741022,Aria,Bailey,31
741030,Aria,Bailey,31
741037,Ava,Collins,31
741052,Aria,Bailey,31
741072,Ava,Collins,31
741088,Aria,Bailey,31
741109,Ava,Collins,31
741111,Ava,Collins,31
741124,Aria,Bailey,31
741127,Aria,Bailey,31
741134,Ava,Collins,31
741151,Aria,Bailey,31
741175,Ava,Collins,31
741188,Aria,Bailey,31
741202,Ava,Collins,31
741215,Ava,Collins,31
741216,Aria,Bailey,31
741227,Aria,Bailey,31
741256,Ava,Collins,31
741267,Aria,Bailey,31
741274,Ava,Collins,31
741288,Aria,Bailey,31
741294,Ava,Collins,31
741307,Aria,Bailey,31
741323,Ava,Collins,31
741335,Aria,Bailey,31
741362,Ava,Collins,31
741369,Aria,Bailey,31
741372,Ava,Collins,31
741379,Aria,Bailey,31
741404,Ava,Collins,31
741418,Ava,Collins,31
741419,Aria,Bailey,31
741428,Aria,Bailey,31
741446,Ava,Collins,31
741459,Aria,Bailey,31
741488,Ava,Collins,31
741489,Ava,Collins,31
741499,Aria,Bailey,31
741501,Aria,Bailey,31
741520,Ava,Collins,31
741531,Aria,Bailey,31
741559,Ava,Collins,31
741563,Ava,Collins,31
741571,Aria,Bailey,31
741576,Aria,Bailey,31
741610,Ava,Collins,31
741620,Ava,Collins,31
741624,Aria,Bailey,31
741650,Aria,Bailey,31
741656,Ava,Collins,31
741663,Aria,Bailey,31
741692,Ava,Collins,31
741700,Aria,Bailey,31
741702,Ava,Collins,31
741706,Ava,Collins,31
741710,Aria,Bailey,31
741726,Aria,Bailey,31
741771,Ava,Collins,31
741777,Ava,Collins,31
741778,Aria,Bailey,31
741785,Ava,Collins,31
741787,Aria,Bailey,31
741802,Aria,Bailey,31
741842,Ava,Collins,31
741843,Ava,Collins,31
741853,Aria,Bailey,31
741856,Aria,Bailey,31
741861,Ava,Collins,31
741873,Aria,Bailey,31
741913,Ava,Collins,31
741922,Ava,Collins,31
741923,Aria,Bailey,31
741936,Ava,Collins,31
741937,Aria,Bailey,31
741953,Aria,Bailey,31
741992,Ava,Collins,31
741998,Ava,Collins,31
742001,Aria,Bailey,31
742009,Ava,Collins,31
742011,Aria,Bailey,31
742024,Aria,Bailey,31
742043,Ava,Collins,31
742058,Aria,Bailey,31
742088,Ava,Collins,31
742092,Aria,Bailey,31
742097,Ava,Collins,31
742113,Aria,Bailey,31
742117,Ava,Collins,31
742140,Ava,Collins,31
742144,Aria,Bailey,31
742156,Aria,Bailey,31
742177,Ava,Collins,31
742181,Aria,Bailey,31
742197,Ava,Collins,31
742206,Aria,Bailey,31
742237,Ava,Collins,31
742240,Ava,Collins,31
742248,Aria,Bailey,31
742250,Aria,Bailey,31
742279,Ava,Collins,31
742280,Ava,Collins,31
742294,Aria,Bailey,31
742296,Aria,Bailey,31
742331,Ava,Collins,31
742335,Ava,Collins,31
742346,Aria,Bailey,31
742351,Aria,Bailey,31
742381,Ava,Collins,31
742382,Ava,Collins,31
742394,Aria,Bailey,31
742401,Aria,Bailey,31
742422,Ava,Collins,31
742426,Aria,Bailey,31
742465,Ava,Collins,31
742471,Ava,Collins,31
742480,Ava,Collins,31
742481,Aria,Bailey,31
742487,Aria,Bailey,31
742496,Aria,Bailey,31
742509,Ava,Collins,31
742526,Aria,Bailey,31
742566,Ava,Collins,31
742568,Ava,Collins,31
742579,Ava,Collins,31
742584,Aria,Bailey,31
742585,Aria,Bailey,31
742595,Aria,Bailey,31
742611,Ava,Collins,31
742636,Ava,Collins,31
742643,Aria,Bailey,31
742648,Aria,Bailey,31
742676,Ava,Collins,31
742692,Aria,Bailey,31
742706,Ava,Collins,31
742710,Aria,Bailey,31
742716,Ava,Collins,31
742728,Aria,Bailey,31
742753,Ava,Collins,31
742765,Aria,Bailey,31
742775,Ava,Collins,31
742787,Aria,Bailey,31
742792,Ava,Collins,31
742804,Aria,Bailey,31
742828,Ava,Collins,31
742838,Ava,Collins,31
742842,Aria,Bailey,31
742846,Aria,Bailey,31
742872,Ava,Collins,31
742884,Aria,Bailey,31
742909,Ava,Collins,31
742917,Ava,Collins,31
742919,Aria,Bailey,31
742927,Aria,Bailey,31
742945,Ava,Collins,31
742958,Aria,Bailey,31
742975,Ava,Collins,31
742994,Aria,Bailey,31
743001,Ava,Collins,31
743004,Ava,Collins,31
743017,Aria,Bailey,31
743023,Aria,Bailey,31
743041,Ava,Collins,31
743055,Aria,Bailey,31
743081,Ava,Collins,31
743088,Ava,Collins,31
743098,Aria,Bailey,31
743107,Aria,Bailey,31
743110,Ava,Collins,31
743127,Aria,Bailey,31
743147,Ava,Collins,31
743163,Aria,Bailey,31
743177,Ava,Collins,31
743192,Aria,Bailey,31
743193,Ava,Collins,31
743205,Aria,Bailey,31
743228,Ava,Collins,31
743240,Aria,Bailey,31
743251,Ava,Collins,31
743265,Aria,Bailey,31
743278,Ava,Collins,31
743283,Ava,Collins,31
743293,Aria,Bailey,31
743298,Aria,Bailey,31
743319,Ava,Collins,31
743334,Aria,Bailey,31
743350,Ava,Collins,31
743363,Aria,Bailey,31
743367,Ava,Collins,31
743373,Aria,Bailey,31
743395,Ava,Collins,31
743402,Aria,Bailey,31
743436,Ava,Collins,31
743447,Ava,Collins,31
743448,Aria,Bailey,31
743456,Aria,Bailey,31
743463,Ava,Collins,31
743476,Aria,Bailey,31
743519,Ava,Collins,31
743528,Ava,Collins,31
743531,Ava,Collins,31
743535,Aria,Bailey,31
743545,Aria,Bailey,31
743547,Ava,Collins,31
743549,Aria,Bailey,31
743562,Aria,Bailey,31
743618,Ava,Collins,31
743622,Ava,Collins,31
743631,Aria,Bailey,31
743632,Ava,Collins,31
743633,Aria,Bailey,31
743640,Aria,Bailey,31
743683,Ava,Collins,31
743689,Ava,Collins,31
743692,Aria,Bailey,31
743698,Aria,Bailey,31
743743,Ava,Collins,31
743752,Ava,Collins,31
743753,Ava,Collins,31
743754,Aria,Bailey,31
743766,Aria,Bailey,31
743773,Aria,Bailey,31
743776,Ava,Collins,31
743793,Aria,Bailey,31
743845,Ava,Collins,31
743852,Ava,Collins,31
743856,Aria,Bailey,31
743857,Ava,Collins,31
743865,Aria,Bailey,31
743869,Aria,Bailey,31
743877,Ava,Collins,31
743904,Aria,Bailey,31
743939,Ava,Collins,31
743941,Ava,Collins,31
743951,Aria,Bailey,31
743952,Aria,Bailey,31
743969,Ava,Collins,31
743984,Aria,Bailey,31
744014,Ava,Collins,31
744015,Ava,Collins,31
744026,Aria,Bailey,31
744027,Aria,Bailey,31
744043,Ava,Collins,31
744054,Aria,Bailey,31
744092,Ava,Collins,31
744099,Aria,Bailey,31
744105,Ava,Collins,31
744109,Ava,Collins,31
744116,Aria,Bailey,31
744118,Aria,Bailey,31
744171,Ava,Collins,31
744174,Ava,Collins,31
744180,Ava,Collins,31
744183,Aria,Bailey,31
744185,Aria,Bailey,31
744204,Aria,Bailey,31
744229,Ava,Collins,31
744242,Aria,Bailey,31
744244,Ava,Collins,31
744251,Ava,Collins,31
744259,Aria,Bailey,31
744268,Aria,Bailey,31
744289,Ava,Collins,31
744300,Aria,Bailey,31
744332,Ava,Collins,31
744345,Aria,Bailey,31
744352,Ava,Collins,31
744361,Ava,Collins,31
744364,Aria,Bailey,31
744375,Aria,Bailey,31
744409,Ava,Collins,31
744420,Aria,Bailey,31
744423,Ava,Collins,31
744435,Aria,Bailey,31
744440,Ava,Collins,31
744451,Aria,Bailey,31
744480,Ava,Collins,31
744494,Ava,Collins,31
744497,Aria,Bailey,31
744507,Aria,Bailey,31
744522,Ava,Collins,31
744535,Ava,Collins,31
744537,Aria,Bailey,31
744547,Aria,Bailey,31
744585,Ava,Collins,31
744592,Ava,Collins,31
744596,Aria,Bailey,31
744603,Aria,Bailey,31
744628,Ava,Collins,31
744642,Aria,Bailey,31
744651,Ava,Collins,31
744661,Aria,Bailey,31
744672,Ava,Collins,31
744682,Aria,Bailey,31
744698,Ava,Collins,31
744717,Aria,Bailey,31
744729,Ava,Collins,31
744732,Ava,Collins,31
744745,Aria,Bailey,31
744746,Aria,Bailey,31
744766,Ava,Collins,31
744778,Aria,Bailey,31
744802,Ava,Collins,31
744819,Aria,Bailey,31
744820,Ava,Collins,31
744830,Aria,Bailey,31
744832,Ava,Collins,31
744855,Aria,Bailey,31
744872,Ava,Collins,31
744890,Ava,Collins,31
744894,Aria,Bailey,31
744901,Aria,Bailey,31
744911,Ava,Collins,31
744932,Aria,Bailey,31
744933,Ava,Collins,31
744945,Aria,Bailey,31
744982,Ava,Collins,31
744993,Aria,Bailey,31
745007,Ava,Collins,31
745009,Ava,Collins,31
745020,Aria,Bailey,31
745021,Aria,Bailey,31
745061,Ava,Collins,31
745081,Ava,Collins,31
745082,Aria,Bailey,31
745089,Ava,Collins,31
745093,Aria,Bailey,31
745095,Ava,Collins,31
745104,Aria,Bailey,31
745113,Aria,Bailey,31
745165,Ava,Collins,31
745167,Ava,Collins,31
745171,Aria,Bailey,31
745180,Aria,Bailey,31
745193,Ava,Collins,31
745205,Aria,Bailey,31
745231,Ava,Collins,31
745242,Aria,Bailey,31
745247,Ava,Collins,31
745260,Aria,Bailey,31
745275,Ava,Collins,31
745282,Ava,Collins,31
745287,Aria,Bailey,31
745292,Aria,Bailey,31
745323,Ava,Collins,31
745333,Aria,Bailey,31
745355,Ava,Collins,31
745363,Aria,Bailey,31
745391,Ava,Collins,31
745399,Aria,Bailey,31
745402,Ava,Collins,31
745411,Ava,Collins,31
745414,Aria,Bailey,31
745422,Aria,Bailey,31
745466,Ava,Collins,31
745480,Ava,Collins,31
745485,Ava,Collins,31
745487,Aria,Bailey,31
745492,Aria,Bailey,31
745496,Ava,Collins,31
745500,Aria,Bailey,31
745529,Aria,Bailey,31
745572,Ava,Collins,31
745573,Ava,Collins,31
745585,Aria,Bailey,31
745590,Ava,Collins,31
745593,Ava,Collins,31
745594,Aria,Bailey,31
745606,Aria,Bailey,31
745607,Aria,Bailey,31
745659,Ava,Collins,31
745672,Aria,Bailey,31
745673,Ava,Collins,31
745686,Aria,Bailey,31
745687,Ava,Collins,31
745699,Aria,Bailey,31
745716,Ava,Collins,31
745720,Aria,Bailey,31
745734,Ava,Collins,31
745738,Aria,Bailey,31
745793,Ava,Collins,31
745801,Ava,Collins,31
745804,Ava,Collins,31
745806,Aria,Bailey,31
745810,Aria,Bailey,31
745814,Aria,Bailey,31
745871,Ava,Collins,31
745872,Ava,Collins,31
745881,Ava,Collins,31
745882,Aria,Bailey,31
745883,Aria,Bailey,31
745896,Aria,Bailey,31
745929,Ava,Collins,31
745938,Aria,Bailey,31
745940,Ava,Collins,31
745948,Aria,Bailey,31
745991,Ava,Collins,31
745996,Ava,Collins,31
746002,Aria,Bailey,31
746010,Aria,Bailey,31
746011,Ava,Collins,31
746021,Aria,Bailey,31
746038,Ava,Collins,31
746054,Aria,Bailey,31
746091,Ava,Collins,31
746094,Ava,Collins,31
746105,Aria,Bailey,31
746106,Aria,Bailey,31
746111,Ava,Collins,31
746124,Aria,Bailey,31
746162,Ava,Collins,31
746163,Ava,Collins,31
746174,Aria,Bailey,31
746175,Aria,Bailey,31
746197,Ava,Collins,31
746209,Aria,Bailey,31
746241,Ava,Collins,31
746244,Ava,Collins,31
746250,Ava,Collins,31
746257,Aria,Bailey,31
746259,Aria,Bailey,31
746266,Aria,Bailey,31
746315,Ava,Collins,31
746326,Ava,Collins,31
746328,Aria,Bailey,31
746331,Ava,Collins,31
746338,Aria,Bailey,31
746344,Aria,Bailey,31
746388,Ava,Collins,31
746401,Ava,Collins,31
746404,Aria,Bailey,31
746414,Aria,Bailey,31
746417,Ava,Collins,31
746423,Ava,Collins,31
746432,Aria,Bailey,31
746441,Aria,Bailey,31
746495,Ava,Collins,31
746506,Ava,Collins,31
746508,Aria,Bailey,31
746509,Ava,Collins,31
746518,Ava,Collins,31
746521,Aria,Bailey,31
746530,Aria,Bailey,31
746533,Aria,Bailey,31
746589,Ava,Collins,31
746592,Ava,Collins,31
746598,Ava,Collins,31
746602,Aria,Bailey,31
746604,Aria,Bailey,31
746610,Aria,Bailey,31
746657,Ava,Collins,31
746674,Aria,Bailey,31
746675,Ava,Collins,31
746685,Ava,Collins,31
746687,Aria,Bailey,31
746700,Aria,Bailey,31
746737,Ava,Collins,31
746741,Aria,Bailey,31
746756,Ava,Collins,31
746770,Aria,Bailey,31
746782,Ava,Collins,31
746783,Ava,Collins,31
746795,Aria,Bailey,31
746798,Aria,Bailey,31
746830,Ava,Collins,31
746839,Aria,Bailey,31
746857,Ava,Collins,31
746871,Aria,Bailey,31
746879,Ava,Collins,31
746883,Ava,Collins,31
746892,Aria,Bailey,31
746900,Aria,Bailey,31
746930,Ava,Collins,31
746950,Ava,Collins,31
746955,Aria,Bailey,31
746958,Aria,Bailey,31
746966,Ava,Collins,31
746979,Aria,Bailey,31
747013,Ava,Collins,31
747014,Ava,Collins,31
747021,Aria,Bailey,31
747022,Aria,Bailey,31
747059,Ava,Collins,31
747067,Aria,Bailey,31
747075,Ava,Collins,31
747083,Aria,Bailey,31
747109,Ava,Collins,31
747117,Ava,Collins,31
747118,Aria,Bailey,31
747128,Aria,Bailey,31
747160,Ava,Collins,31
747168,Aria,Bailey,31
747172,Ava,Collins,31
747180,Aria,Bailey,31
747211,Ava,Collins,31
747215,Aria,Bailey,31
747229,Ava,Collins,31
747238,Aria,Bailey,31
747252,Ava,Collins,31
747268,Aria,Bailey,31
747275,Ava,Collins,31
747285,Aria,Bailey,31
747292,Ava,Collins,31
747302,Aria,Bailey,31
747321,Ava,Collins,31
747336,Ava,Collins,31
747339,Aria,Bailey,31
747345,Aria,Bailey,31
747378,Ava,Collins,31
747379,Ava,Collins,31
747385,Aria,Bailey,31
747388,Aria,Bailey,31
747444,Ava,Collins,31
747445,Ava,Collins,31
747459,Aria,Bailey,31
747467,Ava,Collins,31
747474,Aria,Bailey,31
747477,Ava,Collins,31
747485,Aria,Bailey,31
747505,Aria,Bailey,31
747515,Ava,Collins,31
747523,Aria,Bailey,31
747564,Ava,Collins,31
747568,Aria,Bailey,31
747589,Ava,Collins,31
747593,Aria,Bailey,31
747604,Ava,Collins,31
747612,Aria,Bailey,31
747621,Ava,Collins,31
747629,Ava,Collins,31
747633,Aria,Bailey,31
747641,Aria,Bailey,31
747669,Ava,Collins,31
747679,Aria,Bailey,31
747697,Ava,Collins,31
747706,Aria,Bailey,31
747726,Ava,Collins,31
747743,Aria,Bailey,31
747746,Ava,Collins,31
747761,Aria,Bailey,31
747762,Ava,Collins,31
747776,Aria,Bailey,31
747788,Ava,Collins,31
747804,Aria,Bailey,31
747826,Ava,Collins,31
747844,Aria,Bailey,31
747846,Ava,Collins,31
747860,Aria,Bailey,31
747862,Ava,Collins,31
747872,Aria,Bailey,31
747909,Ava,Collins,31
747917,Aria,Bailey,31
747924,Ava,Collins,31
747933,Aria,Bailey,31
747959,Ava,Collins,31
747963,Aria,Bailey,31
747984,Ava,Collins,31
747988,Aria,Bailey,31
748009,Ava,Collins,31
748013,Aria,Bailey,31
748034,Ava,Collins,31
748038,Aria,Bailey,31
748059,Ava,Collins,31
748063,Aria,Bailey,31
748084,Ava,Collins,31
748088,Aria,Bailey,31
748114,Ava,Collins,31
748120,Aria,Bailey,31
748122,Ava,Collins,31
748128,Aria,Bailey,31
748161,Ava,Collins,31
748165,Aria,Bailey,31
748189,Ava,Collins,31
748193,Ava,Collins,31
748197,Aria,Bailey,31
748202,Aria,Bailey,31
748224,Ava,Collins,31
748236,Aria,Bailey,31
748262,Ava,Collins,31
748263,Ava,Collins,31
748274,Aria,Bailey,31
748279,Aria,Bailey,31
748300,Ava,Collins,31
748313,Aria,Bailey,31
748324,Ava,Collins,31
748336,Aria,Bailey,31
748347,Ava,Collins,31
748361,Aria,Bailey,31
748383,Ava,Collins,31
748385,Ava,Collins,31
748398,Aria,Bailey,31
748400,Aria,Bailey,31
748440,Ava,Collins,31
748445,Ava,Collins,31
748450,Aria,Bailey,31
748458,Aria,Bailey,31
748462,Ava,Collins,31
748478,Aria,Bailey,31
748489,Ava,Collins,31
748506,Aria,Bailey,31
748542,Ava,Collins,31
748551,Aria,Bailey,31
748554,Ava,Collins,31
748567,Ava,Collins,31
748571,Aria,Bailey,31
748574,Ava,Collins,31
748582,Aria,Bailey,31
748588,Aria,Bailey,31
748642,Ava,Collins,31
748652,Aria,Bailey,31
748653,Ava,Collins,31
748654,Ava,Collins,31
748668,Aria,Bailey,31
748670,Aria,Bailey,31
748682,Ava,Collins,31
748697,Aria,Bailey,31
748741,Ava,Collins,31
748754,Ava,Collins,31
748755,Aria,Bailey,31
748756,Ava,Collins,31
748762,Aria,Bailey,31
748773,Ava,Collins,31
748781,Aria,Bailey,31
748782,Aria,Bailey,31
748840,Ava,Collins,31
748847,Ava,Collins,31
748849,Aria,Bailey,31
748858,Aria,Bailey,31
748866,Ava,Collins,31
748888,Aria,Bailey,31
748891,Ava,Collins,31
748912,Aria,Bailey,31
748919,Ava,Collins,31
748935,Aria,Bailey,31
748937,Ava,Collins,31
748953,Aria,Bailey,31
748974,Ava,Collins,31
748990,Aria,Bailey,31
748994,Ava,Collins,31
749010,Aria,Bailey,31
749021,Ava,Collins,31
749035,Aria,Bailey,31
749037,Ava,Collins,31
749053,Aria,Bailey,31
749069,Ava,Collins,31
749087,Aria,Bailey,31
749101,Ava,Collins,31
749110,Aria,Bailey,31
749118,Ava,Collins,31
749129,Aria,Bailey,31
749156,Ava,Collins,31
749164,Aria,Bailey,31
749177,Ava,Collins,31
749185,Aria,Bailey,31
749205,Ava,Collins,31
749209,Aria,Bailey,31
749229,Ava,Collins,31
749234,Aria,Bailey,31
749257,Ava,Collins,31
749264,Aria,Bailey,31
749275,Ava,Collins,31
749283,Aria,Bailey,31
749309,Ava,Collins,31
749316,Aria,Bailey,31
749325,Ava,Collins,31
749333,Aria,Bailey,31
749363,Ava,Collins,31
749370,Ava,Collins,31
749375,Aria,Bailey,31
749382,Aria,Bailey,31
749389,Ava,Collins,31
749401,Aria,Bailey,31
749436,Ava,Collins,31
749444,Aria,Bailey,31
749448,Ava,Collins,31
749456,Aria,Bailey,31
749485,Ava,Collins,31
749493,Aria,Bailey,31
749499,Ava,Collins,31
749512,Aria,Bailey,31
749522,Ava,Collins,31
749534,Aria,Bailey,31
749551,Ava,Collins,31
749563,Aria,Bailey,31
749575,Ava,Collins,31
749586,Aria,Bailey,31
749599,Ava,Collins,31
749615,Aria,Bailey,31
749632,Ava,Collins,31
749633,Ava,Collins,31
749646,Aria,Bailey,31
749647,Aria,Bailey,31
749664,Ava,Collins,31
749681,Aria,Bailey,31
749694,Ava,Collins,31
749710,Aria,Bailey,31
749732,Ava,Collins,31
749737,Ava,Collins,31
749748,Aria,Bailey,31
749755,Aria,Bailey,31
749762,Ava,Collins,31
749776,Aria,Bailey,31
749793,Ava,Collins,31
749809,Aria,Bailey,31
749833,Ava,Collins,31
749844,Ava,Collins,31
749849,Aria,Bailey,31
749858,Aria,Bailey,31
749859,Ava,Collins,31
749874,Aria,Bailey,31
749895,Ava,Collins,31
749915,Aria,Bailey,31
749928,Ava,Collins,31
749936,Ava,Collins,31
749942,Aria,Bailey,31
749949,Aria,Bailey,31
749979,Ava,Collins,31
749990,Aria,Bailey,31
750001,Ava,Collins,31
750015,Aria,Bailey,31
750017,Ava,Collins,31
750033,Aria,Bailey,31
750034,Ava,Collins,31
750050,Aria,Bailey,31
750074,Ava,Collins,31
750089,Aria,Bailey,31
750103,Ava,Collins,31
750120,Aria,Bailey,31
750121,Ava,Collins,31
750132,Ava,Collins,31
750134,Aria,Bailey,31
750145,Aria,Bailey,31
750171,Ava,Collins,31
750186,Aria,Bailey,31
750200,Ava,Collins,31
750210,Aria,Bailey,31
750224,Ava,Collins,31
750234,Aria,Bailey,31
750254,Ava,Collins,31
750268,Aria,Bailey,31
750269,Ava,Collins,31
750282,Aria,Bailey,31
750298,Ava,Collins,31
750309,Aria,Bailey,31
750330,Ava,Collins,31
750340,Ava,Collins,31
750347,Aria,Bailey,31
750354,Aria,Bailey,31
750364,Ava,Collins,31
750381,Aria,Bailey,31
750394,Ava,Collins,31
750410,Aria,Bailey,31
750424,Ava,Collins,31
750436,Aria,Bailey,31
750449,Ava,Collins,31
750463,Aria,Bailey,31
750475,Ava,Collins,31
750485,Aria,Bailey,31
750499,Ava,Collins,31
750508,Aria,Bailey,31
750534,Ava,Collins,31
750542,Aria,Bailey,31
750550,Ava,Collins,31
750563,Aria,Bailey,31
750576,Ava,Collins,31
750589,Aria,Bailey,31
750597,Ava,Collins,31
750610,Aria,Bailey,31
750626,Ava,Collins,31
750637,Aria,Bailey,31
750650,Ava,Collins,31
750661,Aria,Bailey,31
750675,Ava,Collins,31
750687,Aria,Bailey,31
750699,Ava,Collins,31
750709,Aria,Bailey,31
750733,Ava,Collins,31
750735,Ava,Collins,31
750750,Aria,Bailey,31
750753,Aria,Bailey,31
750757,Ava,Collins,31
750775,Aria,Bailey,31
750798,Ava,Collins,31
750816,Aria,Bailey,31
750830,Ava,Collins,31
750837,Ava,Collins,31
750842,Aria,Bailey,31
750847,Aria,Bailey,31
750883,Ava,Collins,31
750895,Aria,Bailey,31
750904,Ava,Collins,31
750912,Ava,Collins,31
750918,Aria,Bailey,31
750926,Aria,Bailey,31
750932,Ava,Collins,31
750946,Aria,Bailey,31
750973,Ava,Collins,31
750984,Aria,Bailey,31
751009,Ava,Collins,31
751024,Aria,Bailey,31
751028,Ava,Collins,31
751033,Ava,Collins,31
751044,Aria,Bailey,31
751050,Aria,Bailey,31
751056,Ava,Collins,31
751073,Aria,Bailey,31
751103,Ava,Collins,31
751119,Aria,Bailey,31
751127,Ava,Collins,31
751135,Ava,Collins,31
751138,Aria,Bailey,31
751149,Aria,Bailey,31
751184,Ava,Collins,31
751195,Aria,Bailey,31
751203,Ava,Collins,31
751212,Ava,Collins,31
751214,Aria,Bailey,31
751224,Aria,Bailey,31
751257,Ava,Collins,31
751267,Aria,Bailey,31
751277,Ava,Collins,31
751289,Ava,Collins,31
751290,Aria,Bailey,31
751300,Aria,Bailey,31
751335,Ava,Collins,31
751343,Ava,Collins,31
751356,Aria,Bailey,31
751357,Ava,Collins,31
751358,Aria,Bailey,31
751373,Aria,Bailey,31
751384,Ava,Collins,31
751403,Aria,Bailey,31
751438,Ava,Collins,31
751440,Ava,Collins,31
751449,Aria,Bailey,31
751454,Aria,Bailey,31
751469,Ava,Collins,31
751480,Aria,Bailey,31
751518,Ava,Collins,31
751520,Ava,Collins,31
751532,Aria,Bailey,31
751533,Ava,Collins,31
751536,Aria,Bailey,31
751547,Aria,Bailey,31
751556,Ava,Collins,31
751574,Aria,Bailey,31
751609,Ava,Collins,31
751621,Aria,Bailey,31
751622,Ava,Collins,31
751632,Aria,Bailey,31
751644,Ava,Collins,31
751659,Aria,Bailey,31
751684,Ava,Collins,31
751691,Ava,Collins,31
751696,Aria,Bailey,31
751701,Aria,Bailey,31
751734,Ava,Collins,31
751736,Ava,Collins,31
751751,Aria,Bailey,31
751752,Aria,Bailey,31
751771,Ava,Collins,31
751785,Aria,Bailey,31
751790,Ava,Collins,31
751802,Aria,Bailey,31
751831,Ava,Collins,31
751843,Aria,Bailey,31
751851,Ava,Collins,31
751864,Aria,Bailey,31
751870,Ava,Collins,31
751883,Ava,Collins,31
751884,Aria,Bailey,31
751899,Aria,Bailey,31
751928,Ava,Collins,31
751943,Aria,Bailey,31
751949,Ava,Collins,31
751963,Aria,Bailey,31
751968,Ava,Collins,31
751982,Ava,Collins,31
751988,Aria,Bailey,31
751998,Aria,Bailey,31
752021,Ava,Collins,31
752037,Aria,Bailey,31
752046,Ava,Collins,31
752061,Aria,Bailey,31
752077,Ava,Collins,31
752083,Ava,Collins,31
752093,Aria,Bailey,31
752097,Aria,Bailey,31
752119,Ava,Collins,31
752137,Aria,Bailey,31
752144,Ava,Collins,31
752160,Aria,Bailey,31
752173,Ava,Collins,31
752184,Ava,Collins,31
752189,Aria,Bailey,31
752199,Aria,Bailey,31
752218,Ava,Collins,31
752231,Aria,Bailey,31
752260,Ava,Collins,31
752268,Ava,Collins,31
752272,Aria,Bailey,31
752281,Aria,Bailey,31
752292,Ava,Collins,31
752305,Aria,Bailey,31
752335,Ava,Collins,31
752344,Ava,Collins,31
752349,Aria,Bailey,31
752351,Aria,Bailey,31
752372,Ava,Collins,31
752382,Aria,Bailey,31
752407,Ava,Collins,31
752414,Aria,Bailey,31
752427,Ava,Collins,31
752434,Aria,Bailey,31
752456,Ava,Collins,31
752465,Aria,Bailey,31
752477,Ava,Collins,31
752484,Aria,Bailey,31
752506,Ava,Collins,31
752513,Aria,Bailey,31
752534,Ava,Collins,31
752538,Aria,Bailey,31
752559,Ava,Collins,31
752563,Aria,Bailey,31
752584,Ava,Collins,31
752588,Aria,Bailey,31
752616,Ava,Collins,31
752617,Ava,Collins,31
752624,Aria,Bailey,31
752625,Aria,Bailey,31
752666,Ava,Collins,31
752667,Ava,Collins,31
752674,Aria,Bailey,31
752675,Aria,Bailey,31
752711,Ava,Collins,31
752718,Aria,Bailey,31
752728,Ava,Collins,31
752739,Aria,Bailey,31
752750,Ava,Collins,31
752763,Aria,Bailey,31
752767,Ava,Collins,31
752779,Aria,Bailey,31
752807,Ava,Collins,31
752819,Aria,Bailey,31
752823,Ava,Collins,31
752835,Aria,Bailey,31
752842,Ava,Collins,31
752854,Aria,Bailey,31
752889,Ava,Collins,31
752899,Ava,Collins,31
752905,Aria,Bailey,31
752909,Ava,Collins,31
752914,Aria,Bailey,31
752928,Ava,Collins,31
752929,Aria,Bailey,31
752945,Aria,Bailey,31
752986,Ava,Collins,31
752995,Ava,Collins,31
753000,Aria,Bailey,31
753009,Ava,Collins,31
753010,Aria,Bailey,31
753027,Aria,Bailey,31
753035,Ava,Collins,31
753049,Aria,Bailey,31
753086,Ava,Collins,31
753094,Ava,Collins,31
753102,Aria,Bailey,31
753106,Aria,Bailey,31
753110,Ava,Collins,31
753122,Aria,Bailey,31
753138,Ava,Collins,31
753154,Aria,Bailey,31
753180,Ava,Collins,31
753192,Aria,Bailey,31
753194,Ava,Collins,31
753205,Aria,Bailey,31
753220,Ava,Collins,31
753232,Aria,Bailey,31
753259,Ava,Collins,31
753269,Ava,Collins,31
753272,Aria,Bailey,31
753281,Aria,Bailey,31
753296,Ava,Collins,31
753307,Aria,Bailey,31
753331,Ava,Collins,31
753347,Aria,Bailey,31
753348,Ava,Collins,31
753358,Ava,Collins,31
753361,Aria,Bailey,31
753374,Aria,Bailey,31
753393,Ava,Collins,31
753411,Aria,Bailey,31
753425,Ava,Collins,31
753440,Aria,Bailey,31
753443,Ava,Collins,31
753456,Aria,Bailey,31
753463,Ava,Collins,31
753470,Aria,Bailey,31
753518,Ava,Collins,31
753527,Ava,Collins,31
753529,Aria,Bailey,31
753530,Ava,Collins,31
753538,Aria,Bailey,31
753539,Aria,Bailey,31
753589,Ava,Collins,31
753593,Ava,Collins,31
753597,Aria,Bailey,31
753602,Aria,Bailey,31
753623,Ava,Collins,31
753635,Aria,Bailey,31
753657,Ava,Collins,31
753668,Aria,Bailey,31
753669,Ava,Collins,31
753681,Aria,Bailey,31
753697,Ava,Collins,31
753709,Aria,Bailey,31
753729,Ava,Collins,31
753740,Aria,Bailey,31
753757,Ava,Collins,31
753766,Aria,Bailey,31
753770,Ava,Collins,31
753779,Aria,Bailey,31
753801,Ava,Collins,31
753812,Aria,Bailey,31
753829,Ava,Collins,31
753841,Ava,Collins,31
753843,Aria,Bailey,31
753849,Aria,Bailey,31
753883,Ava,Collins,31
753899,Ava,Collins,31
753900,Aria,Bailey,31
753915,Aria,Bailey,31
753916,Ava,Collins,31
753930,Ava,Collins,31
753931,Aria,Bailey,31
753948,Aria,Bailey,31
753982,Ava,Collins,31
753998,Aria,Bailey,31
754001,Ava,Collins,31
754010,Ava,Collins,31
754016,Aria,Bailey,31
754027,Aria,Bailey,31
754030,Ava,Collins,31
754051,Aria,Bailey,31
754080,Ava,Collins,31
754096,Aria,Bailey,31
754101,Ava,Collins,31
754111,Ava,Collins,31
754114,Aria,Bailey,31
754126,Aria,Bailey,31
754135,Ava,Collins,31
754151,Aria,Bailey,31
754176,Ava,Collins,31
754193,Aria,Bailey,31
754194,Ava,Collins,31
754211,Aria,Bailey,31
754222,Ava,Collins,31
754234,Aria,Bailey,31
754256,Ava,Collins,31
754269,Aria,Bailey,31
754278,Ava,Collins,31
754287,Aria,Bailey,31
754297,Ava,Collins,31
754309,Aria,Bailey,31
754323,Ava,Collins,31
754336,Aria,Bailey,31
754354,Ava,Collins,31
754369,Aria,Bailey,31
754371,Ava,Collins,31
754385,Aria,Bailey,31
754387,Ava,Collins,31
754404,Aria,Bailey,31
754415,Ava,Collins,31
754429,Aria,Bailey,31
754459,Ava,Collins,31
754471,Ava,Collins,31
754472,Aria,Bailey,31
754482,Aria,Bailey,31
754493,Ava,Collins,31
754506,Aria,Bailey,31
754537,Ava,Collins,31
754541,Ava,Collins,31
754547,Aria,Bailey,31
754554,Aria,Bailey,31
754578,Ava,Collins,31
754584,Ava,Collins,31
754593,Aria,Bailey,31
754601,Aria,Bailey,31
754622,Ava,Collins,31
754636,Aria,Bailey,31
754658,Ava,Collins,31
754666,Ava,Collins,31
754671,Aria,Bailey,31
754676,Aria,Bailey,31
754698,Ava,Collins,31
754712,Aria,Bailey,31
754729,Ava,Collins,31
754737,Aria,Bailey,31
754754,Ava,Collins,31
754762,Aria,Bailey,31
754779,Ava,Collins,31
754787,Aria,Bailey,31
754804,Ava,Collins,31
754812,Aria,Bailey,31
754834,Ava,Collins,31
754838,Ava,Collins,31
754846,Aria,Bailey,31
754850,Aria,Bailey,31
754873,Ava,Collins,31
754886,Aria,Bailey,31
754910,Ava,Collins,31
754915,Ava,Collins,31
754928,Aria,Bailey,31
754929,Aria,Bailey,31
754935,Ava,Collins,31
754950,Aria,Bailey,31
754965,Ava,Collins,31
754982,Aria,Bailey,31
755008,Ava,Collins,31
755015,Ava,Collins,31
755022,Aria,Bailey,31
755032,Aria,Bailey,31
755035,Ava,Collins,31
755049,Aria,Bailey,31
755071,Ava,Collins,31
755090,Aria,Bailey,31
755101,Ava,Collins,31
755117,Ava,Collins,31
755118,Aria,Bailey,31
755132,Ava,Collins,31
755135,Aria,Bailey,31
755147,Aria,Bailey,31
755188,Ava,Collins,31
755199,Ava,Collins,31
755203,Aria,Bailey,31
755208,Ava,Collins,31
755209,Aria,Bailey,31
755222,Aria,Bailey,31
755271,Ava,Collins,31
755279,Ava,Collins,31
755281,Ava,Collins,31
755284,Aria,Bailey,31
755294,Aria,Bailey,31
755295,Ava,Collins,31
755302,Aria,Bailey,31
755306,Aria,Bailey,31
755371,Ava,Collins,31
755375,Ava,Collins,31
755376,Ava,Collins,31
755384,Aria,Bailey,31
755385,Aria,Bailey,31
755389,Aria,Bailey,31
755446,Ava,Collins,31
755450,Ava,Collins,31
755451,Ava,Collins,31
755463,Aria,Bailey,31
755464,Aria,Bailey,31
755465,Aria,Bailey,31
755484,Ava,Collins,31
755500,Aria,Bailey,31
755542,Ava,Collins,31
755548,Ava,Collins,31
755551,Ava,Collins,31
755563,Aria,Bailey,31
755564,Aria,Bailey,31
755566,Aria,Bailey,31
755582,Ava,Collins,31
755598,Aria,Bailey,31
755647,Ava,Collins,31
755648,Ava,Collins,31
755649,Ava,Collins,31
755659,Aria,Bailey,31
755667,Aria,Bailey,31
755668,Aria,Bailey,31
755681,Ava,Collins,31
755697,Aria,Bailey,31
755736,Ava,Collins,31
755747,Aria,Bailey,31
755748,Ava,Collins,31
755759,Aria,Bailey,31
755763,Ava,Collins,31
755778,Aria,Bailey,31
755807,Ava,Collins,31
755814,Aria,Bailey,31
755827,Ava,Collins,31
755834,Aria,Bailey,31
755858,Ava,Collins,31
755871,Aria,Bailey,31
755873,Ava,Collins,31
755886,Aria,Bailey,31
755888,Ava,Collins,31
755903,Aria,Bailey,31
755929,Ava,Collins,31
755941,Aria,Bailey,31
755950,Ava,Collins,31
755963,Aria,Bailey,31
755969,Ava,Collins,31
755979,Aria,Bailey,31
756003,Ava,Collins,31
756018,Aria,Bailey,31
756031,Ava,Collins,31
756033,Ava,Collins,31
756049,Aria,Bailey,31
756050,Aria,Bailey,31
756061,Ava,Collins,31
756076,Aria,Bailey,31
756111,Ava,Collins,31
756121,Ava,Collins,31
756124,Aria,Bailey,31
756134,Aria,Bailey,31
756140,Ava,Collins,31
756152,Aria,Bailey,31
756183,Ava,Collins,31
756198,Aria,Bailey,31
756201,Ava,Collins,31
756207,Ava,Collins,31
756218,Aria,Bailey,31
756219,Aria,Bailey,31
756239,Ava,Collins,31
756256,Aria,Bailey,31
756293,Ava,Collins,31
756294,Ava,Collins,31
756299,Ava,Collins,31
756308,Aria,Bailey,31
756309,Aria,Bailey,31
756320,Aria,Bailey,31
756364,Ava,Collins,31
756374,Ava,Collins,31
756376,Aria,Bailey,31
756382,Ava,Collins,31
756388,Aria,Bailey,31
756395,Aria,Bailey,31
756444,Ava,Collins,31
756452,Ava,Collins,31
756453,Ava,Collins,31
756454,Aria,Bailey,31
756464,Aria,Bailey,31
756466,Aria,Bailey,31
756515,Ava,Collins,31
756527,Aria,Bailey,31
756528,Ava,Collins,31
756529,Ava,Collins,31
756541,Aria,Bailey,31
756542,Aria,Bailey,31
756591,Ava,Collins,31
756602,Ava,Collins,31
756603,Aria,Bailey,31
756604,Ava,Collins,31
756613,Aria,Bailey,31
756621,Aria,Bailey,31
756658,Ava,Collins,31
756667,Aria,Bailey,31
756675,Ava,Collins,31
756684,Aria,Bailey,31
756708,Ava,Collins,31
756720,Aria,Bailey,31
756724,Ava,Collins,31
756735,Aria,Bailey,31
756740,Ava,Collins,31
756752,Aria,Bailey,31
756775,Ava,Collins,31
756788,Aria,Bailey,31
756805,Ava,Collins,31
756813,Ava,Collins,31
756817,Aria,Bailey,31
756824,Aria,Bailey,31
756866,Ava,Collins,31
756877,Ava,Collins,31
756880,Aria,Bailey,31
756888,Ava,Collins,31
756894,Aria,Bailey,31
756895,Ava,Collins,31
756905,Aria,Bailey,31
756911,Aria,Bailey,31
756967,Ava,Collins,31
756968,Ava,Collins,31
756979,Aria,Bailey,31
756980,Aria,Bailey,31
756988,Ava,Collins,31
757000,Aria,Bailey,31
757040,Ava,Collins,31
757043,Ava,Collins,31
757051,Aria,Bailey,31
757058,Aria,Bailey,31
757069,Ava,Collins,31
757080,Aria,Bailey,31
757085,Ava,Collins,31
757098,Aria,Bailey,31
757140,Ava,Collins,31
757145,Aria,Bailey,31
757167,Ava,Collins,31
757174,Ava,Collins,31
757181,Aria,Bailey,31
757186,Aria,Bailey,31
757193,Ava,Collins,31
757196,Ava,Collins,31
757206,Aria,Bailey,31
757211,Aria,Bailey,31
757268,Ava,Collins,31
757276,Ava,Collins,31
757285,Aria,Bailey,31
757290,Ava,Collins,31
757291,Ava,Collins,31
757292,Aria,Bailey,31
757304,Aria,Bailey,31
757310,Aria,Bailey,31
757357,Ava,Collins,31
757379,Ava,Collins,31
757386,Ava,Collins,31
757387,Aria,Bailey,31
757394,Aria,Bailey,31
757400,Ava,Collins,31
757405,Aria,Bailey,31
757445,Ava,Collins,31
757457,Aria,Bailey,31
757460,Aria,Bailey,31
757468,Ava,Collins,31
757474,Ava,Collins,31
757487,Aria,Bailey,31
757488,Aria,Bailey,31
757537,Ava,Collins,31
757548,Aria,Bailey,31
757553,Ava,Collins,31
757568,Ava,Collins,31
757578,Ava,Collins,31
757580,Aria,Bailey,31
757582,Aria,Bailey,31
757605,Aria,Bailey,31
757606,Ava,Collins,31
757621,Aria,Bailey,31
757654,Ava,Collins,31
757668,Aria,Bailey,31
757675,Ava,Collins,31
757688,Ava,Collins,31
757697,Aria,Bailey,31
757701,Aria,Bailey,31
757734,Ava,Collins,31
757738,Aria,Bailey,31
757759,Ava,Collins,31
757763,Aria,Bailey,31
757784,Ava,Collins,31
757788,Aria,Bailey,31
757809,Ava,Collins,31
757813,Aria,Bailey,31
757834,Ava,Collins,31
757838,Aria,Bailey,31
757866,Ava,Collins,31
757867,Ava,Collins,31
757874,Aria,Bailey,31
757875,Aria,Bailey,31
757915,Ava,Collins,31
757918,Ava,Collins,31
757922,Aria,Bailey,31
757926,Aria,Bailey,31
757963,Ava,Collins,31
757970,Ava,Collins,31
757971,Aria,Bailey,31
757978,Aria,Bailey,31
758016,Ava,Collins,31
758026,Ava,Collins,31
758029,Aria,Bailey,31
758030,Ava,Collins,31
758037,Aria,Bailey,31
758041,Aria,Bailey,31
758087,Ava,Collins,31
758100,Aria,Bailey,31
758101,Ava,Collins,31
758113,Aria,Bailey,31
758116,Ava,Collins,31
758130,Ava,Collins,31
758132,Aria,Bailey,31
758145,Aria,Bailey,31
758183,Ava,Collins,31
758196,Ava,Collins,31
758197,Aria,Bailey,31
758216,Aria,Bailey,31
758217,Ava,Collins,31
758230,Aria,Bailey,31
758232,Ava,Collins,31
758246,Aria,Bailey,31
758282,Ava,Collins,31
758297,Aria,Bailey,31
758299,Ava,Collins,31
758316,Ava,Collins,31
758317,Aria,Bailey,31
758331,Aria,Bailey,31
758333,Ava,Collins,31
758347,Aria,Bailey,31
758382,Ava,Collins,31
758395,Ava,Collins,31
758398,Aria,Bailey,31
758412,Aria,Bailey,31
758415,Ava,Collins,31
758433,Aria,Bailey,31
758434,Ava,Collins,31
758448,Aria,Bailey,31
758484,Ava,Collins,31
758492,Ava,Collins,31
758499,Aria,Bailey,31
758507,Aria,Bailey,31
758514,Ava,Collins,31
758525,Aria,Bailey,31
758558,Ava,Collins,31
758569,Aria,Bailey,31
758571,Ava,Collins,31
758582,Aria,Bailey,31
758588,Ava,Collins,31
758598,Aria,Bailey,31
758636,Ava,Collins,31
758643,Aria,Bailey,31
758647,Ava,Collins,31
758657,Aria,Bailey,31
758677,Ava,Collins,31
758689,Aria,Bailey,31
758703,Ava,Collins,31
758714,Ava,Collins,31
758715,Aria,Bailey,31
758726,Aria,Bailey,31
758754,Ava,Collins,31
758769,Aria,Bailey,31
758778,Ava,Collins,31
758792,Ava,Collins,31
758796,Aria,Bailey,31
758803,Ava,Collins,31
758806,Aria,Bailey,31
758821,Aria,Bailey,31
758856,Ava,Collins,31
758871,Aria,Bailey,31
758875,Ava,Collins,31
758886,Aria,Bailey,31
758889,Ava,Collins,31
758901,Aria,Bailey,31
758932,Ava,Collins,31
758943,Aria,Bailey,31
758948,Ava,Collins,31
758957,Aria,Bailey,31
758985,Ava,Collins,31
758993,Aria,Bailey,31
758999,Ava,Collins,31
759007,Aria,Bailey,31
759037,Ava,Collins,31
759041,Aria,Bailey,31
759050,Ava,Collins,31
759059,Aria,Bailey,31
759085,Ava,Collins,31
759093,Aria,Bailey,31
759099,Ava,Collins,31
759119,Ava,Collins,31
759128,Aria,Bailey,31
759133,Ava,Collins,31
759143,Aria,Bailey,31
759149,Aria,Bailey,31
759182,Ava,Collins,31
759192,Aria,Bailey,31
759207,Ava,Collins,31
759213,Ava,Collins,31
759223,Aria,Bailey,31
759230,Ava,Collins,31
759233,Aria,Bailey,31
759247,Aria,Bailey,31
759267,Ava,Collins,31
759277,Aria,Bailey,31
759313,Ava,Collins,31
759318,Ava,Collins,31
759328,Aria,Bailey,31
759333,Ava,Collins,31
759334,Aria,Bailey,31
759346,Aria,Bailey,31
759369,Ava,Collins,31
759382,Aria,Bailey,31
759408,Ava,Collins,31
759411,Ava,Collins,31
759420,Aria,Bailey,31
759423,Aria,Bailey,31
759465,Ava,Collins,31
759469,Ava,Collins,31
759480,Aria,Bailey,31
759482,Ava,Collins,31
759483,Aria,Bailey,31
759497,Aria,Bailey,31
759530,Ava,Collins,31
759545,Aria,Bailey,31
759550,Ava,Collins,31
759567,Ava,Collins,31
759568,Aria,Bailey,31
759580,Aria,Bailey,31
759596,Ava,Collins,31
759605,Aria,Bailey,31
759634,Ava,Collins,31
759646,Aria,Bailey,31
759656,Ava,Collins,31
759658,Ava,Collins,31
759667,Aria,Bailey,31
759674,Aria,Bailey,31
759693,Ava,Collins,31
759707,Aria,Bailey,31
759730,Ava,Collins,31
759741,Ava,Collins,31
759746,Aria,Bailey,31
759758,Aria,Bailey,31
759762,Ava,Collins,31
759779,Aria,Bailey,31
759792,Ava,Collins,31
759806,Aria,Bailey,31
759840,Ava,Collins,31
759844,Ava,Collins,31
759854,Aria,Bailey,31
759855,Ava,Collins,31
759861,Aria,Bailey,31
759865,Aria,Bailey,31
759887,Ava,Collins,31
759902,Aria,Bailey,31
759940,Ava,Collins,31
759949,Ava,Collins,31
759951,Ava,Collins,31
759962,Aria,Bailey,31
759966,Aria,Bailey,31
759968,Aria,Bailey,31
759976,Ava,Collins,31
759991,Aria,Bailey,31
760036,Ava,Collins,31
760044,Aria,Bailey,31
760046,Ava,Collins,31
760061,Aria,Bailey,31
760069,Ava,Collins,31
760080,Aria,Bailey,31
760115,Ava,Collins,31
760122,Ava,Collins,31
760129,Aria,Bailey,31
760130,Aria,Bailey,31
760140,Ava,Collins,31
760153,Aria,Bailey,31
760191,Ava,Collins,31
760193,Ava,Collins,31
760203,Aria,Bailey,31
760204,Aria,Bailey,31
760212,Ava,Collins,31
760216,Aria,Bailey,31
760271,Ava,Collins,31
760275,Ava,Collins,31
760283,Aria,Bailey,31
760288,Aria,Bailey,31
760289,Ava,Collins,31
760301,Ava,Collins,31
760302,Aria,Bailey,31
760315,Aria,Bailey,31
760361,Ava,Collins,31
760363,Ava,Collins,31
760377,Aria,Bailey,31
760379,Aria,Bailey,31
760389,Ava,Collins,31
760402,Aria,Bailey,31
760436,Ava,Collins,31
760444,Ava,Collins,31
760448,Aria,Bailey,31
760455,Aria,Bailey,31
760466,Ava,Collins,31
760474,Aria,Bailey,31
760511,Ava,Collins,31
760519,Aria,Bailey,31
760521,Ava,Collins,31
760531,Aria,Bailey,31
760560,Ava,Collins,31
760569,Aria,Bailey,31
760573,Ava,Collins,31
760580,Aria,Bailey,31
760611,Ava,Collins,31
760618,Aria,Bailey,31
760623,Ava,Collins,31
760630,Aria,Bailey,31
760666,Ava,Collins,31
760667,Ava,Collins,31
760674,Aria,Bailey,31
760675,Aria,Bailey,31
760716,Ava,Collins,31
760720,Ava,Collins,31
760724,Aria,Bailey,31
760737,Ava,Collins,31
760740,Aria,Bailey,31
760747,Aria,Bailey,31
760779,Ava,Collins,31
760789,Aria,Bailey,31
760803,Ava,Collins,31
760816,Aria,Bailey,31
760825,Ava,Collins,31
760837,Ava,Collins,31
760842,Aria,Bailey,31
760845,Aria,Bailey,31
760878,Ava,Collins,31
760888,Aria,Bailey,31
760902,Ava,Collins,31
760910,Aria,Bailey,31
760932,Ava,Collins,31
760940,Aria,Bailey,31
760951,Ava,Collins,31
760968,Aria,Bailey,31
760980,Ava,Collins,31
760985,Aria,Bailey,31
760989,Ava,Collins,31
761007,Aria,Bailey,31
761029,Ava,Collins,31
761043,Aria,Bailey,31
761047,Ava,Collins,31
761062,Aria,Bailey,31
761074,Ava,Collins,31
761085,Ava,Collins,31
761087,Aria,Bailey,31
761096,Aria,Bailey,31
761129,Ava,Collins,31
761143,Aria,Bailey,31
761152,Ava,Collins,31
761169,Ava,Collins,31
761170,Aria,Bailey,31
761176,Ava,Collins,31
761186,Aria,Bailey,31
761195,Aria,Bailey,31
761226,Ava,Collins,31
761243,Aria,Bailey,31
761255,Ava,Collins,31
761270,Aria,Bailey,31
761272,Ava,Collins,31
761279,Ava,Collins,31
761288,Aria,Bailey,31
761297,Aria,Bailey,31
761323,Ava,Collins,31
761336,Aria,Bailey,31
761356,Ava,Collins,31
761370,Aria,Bailey,31
761373,Ava,Collins,31
761383,Aria,Bailey,31
761393,Ava,Collins,31
761406,Aria,Bailey,31
761437,Ava,Collins,31
761441,Ava,Collins,31
761454,Aria,Bailey,31
761455,Aria,Bailey,31
761459,Ava,Collins,31
761477,Aria,Bailey,31
761494,Ava,Collins,31
761508,Aria,Bailey,31
761526,Ava,Collins,31
761540,Aria,Bailey,31
761548,Ava,Collins,31
761562,Aria,Bailey,31
761573,Ava,Collins,31
761586,Aria,Bailey,31
761598,Ava,Collins,31
761610,Aria,Bailey,31
761626,Ava,Collins,31
761634,Aria,Bailey,31
761652,Ava,Collins,31
761664,Aria,Bailey,31
761674,Ava,Collins,31
761686,Aria,Bailey,31
761697,Ava,Collins,31
761713,Aria,Bailey,31
761730,Ava,Collins,31
761732,Ava,Collins,31
761748,Aria,Bailey,31
761753,Aria,Bailey,31
761767,Ava,Collins,31
761781,Aria,Bailey,31
761792,Ava,Collins,31
761809,Aria,Bailey,31
761827,Ava,Collins,31
761839,Ava,Collins,31
761844,Aria,Bailey,31
761855,Aria,Bailey,31
761870,Ava,Collins,31
761887,Aria,Bailey,31
761889,Ava,Collins,31
761904,Aria,Bailey,31
761924,Ava,Collins,31
761935,Aria,Bailey,31
761962,Ava,Collins,31
761970,Aria,Bailey,31
761974,Ava,Collins,31
761982,Aria,Bailey,31
762010,Ava,Collins,31
762019,Aria,Bailey,31
762022,Ava,Collins,31
762030,Aria,Bailey,31
762067,Ava,Collins,31
762071,Ava,Collins,31
762079,Aria,Bailey,31
762083,Ava,Collins,31
762084,Aria,Bailey,31
762095,Aria,Bailey,31
762144,Ava,Collins,31
762148,Ava,Collins,31
762158,Aria,Bailey,31
762159,Ava,Collins,31
762163,Aria,Bailey,31
762175,Aria,Bailey,31
762182,Ava,Collins,31
762198,Aria,Bailey,31
762240,Ava,Collins,31
762242,Ava,Collins,31
762256,Aria,Bailey,31
762259,Ava,Collins,31
762260,Aria,Bailey,31
762276,Aria,Bailey,31
762282,Ava,Collins,31
762297,Aria,Bailey,31
762340,Ava,Collins,31
762348,Ava,Collins,31
762355,Aria,Bailey,31
762360,Ava,Collins,31
762367,Aria,Bailey,31
762376,Aria,Bailey,31
762377,Ava,Collins,31
762392,Aria,Bailey,31
762435,Ava,Collins,31
762451,Aria,Bailey,31
762454,Ava,Collins,31
762465,Ava,Collins,31
762469,Aria,Bailey,31
762473,Ava,Collins,31
762479,Aria,Bailey,31
762490,Aria,Bailey,31
762539,Ava,Collins,31
762544,Ava,Collins,31
762547,Aria,Bailey,31
762552,Aria,Bailey,31
762587,Ava,Collins,31
762595,Ava,Collins,31
762596,Aria,Bailey,31
762603,Aria,Bailey,31
762625,Ava,Collins,31
762636,Aria,Bailey,31
762646,Ava,Collins,31
762656,Aria,Bailey,31
762674,Ava,Collins,31
762692,Aria,Bailey,31
762706,Ava,Collins,31
762717,Ava,Collins,31
762720,Aria,Bailey,31
762727,Ava,Collins,31
762735,Aria,Bailey,31
762739,Aria,Bailey,31
762765,Ava,Collins,31
762779,Aria,Bailey,31
762797,Ava,Collins,31
762813,Aria,Bailey,31
762816,Ava,Collins,31
762829,Aria,Bailey,31
762862,Ava,Collins,31
762864,Ava,Collins,31
762875,Aria,Bailey,31
762876,Aria,Bailey,31
762897,Ava,Collins,31
762910,Aria,Bailey,31
762915,Ava,Collins,31
762927,Aria,Bailey,31
762954,Ava,Collins,31
762967,Aria,Bailey,31
762978,Ava,Collins,31
762985,Aria,Bailey,31
763007,Ava,Collins,31
763014,Aria,Bailey,31
763027,Ava,Collins,31
763035,Aria,Bailey,31
763061,Ava,Collins,31
763065,Aria,Bailey,31
763076,Ava,Collins,31
763088,Aria,Bailey,31
763106,Ava,Collins,31
763122,Aria,Bailey,31
763123,Ava,Collins,31
763130,Ava,Collins,31
763138,Aria,Bailey,31
763146,Aria,Bailey,31
763170,Ava,Collins,31
763186,Aria,Bailey,31
763211,Ava,Collins,31
763213,Ava,Collins,31
763227,Aria,Bailey,31
763231,Aria,Bailey,31
763237,Ava,Collins,31
763251,Aria,Bailey,31
763264,Ava,Collins,31
763279,Aria,Bailey,31
763310,Ava,Collins,31
763321,Ava,Collins,31
763328,Aria,Bailey,31
763329,Aria,Bailey,31
763344,Ava,Collins,31
763358,Aria,Bailey,31
763379,Ava,Collins,31
763386,Ava,Collins,31
763397,Aria,Bailey,31
763411,Aria,Bailey,31
763422,Ava,Collins,31
763428,Ava,Collins,31
763435,Aria,Bailey,31
763439,Aria,Bailey,31
763477,Ava,Collins,31
763484,Aria,Bailey,31
763499,Ava,Collins,31
763510,Aria,Bailey,31
763529,Ava,Collins,31
763542,Ava,Collins,31
763544,Aria,Bailey,31
763551,Aria,Bailey,31
763571,Ava,Collins,31
763587,Aria,Bailey,31
763602,Ava,Collins,31
763611,Aria,Bailey,31
763630,Ava,Collins,31
763638,Aria,Bailey,31
763655,Ava,Collins,31
763660,Aria,Bailey,31
763677,Ava,Collins,31
763687,Aria,Bailey,31
763696,Ava,Collins,31
763702,Aria,Bailey,31
763735,Ava,Collins,31
763746,Aria,Bailey,31
763749,Ava,Collins,31
763759,Aria,Bailey,31
763772,Ava,Collins,31
763784,Aria,Bailey,31
763808,Ava,Collins,31
763818,Ava,Collins,31
763822,Aria,Bailey,31
763839,Aria,Bailey,31
763840,Ava,Collins,31
763847,Aria,Bailey,31
763883,Ava,Collins,31
763896,Aria,Bailey,31
763898,Ava,Collins,31
763912,Aria,Bailey,31
763914,Ava,Collins,31
763928,Aria,Bailey,31
763962,Ava,Collins,31
763970,Ava,Collins,31
763971,Aria,Bailey,31
763979,Aria,Bailey,31
764013,Ava,Collins,31
764020,Aria,Bailey,31
764021,Ava,Collins,31
764028,Aria,Bailey,31
764063,Ava,Collins,31
764070,Aria,Bailey,31
764071,Ava,Collins,31
764078,Aria,Bailey,31
764113,Ava,Collins,31
764119,Ava,Collins,31
764122,Aria,Bailey,31
764127,Aria,Bailey,31
764164,Ava,Collins,31
764169,Ava,Collins,31
764172,Aria,Bailey,31
764177,Aria,Bailey,31
764214,Ava,Collins,31
764219,Ava,Collins,31
764222,Aria,Bailey,31
764227,Aria,Bailey,31
764259,Ava,Collins,31
764263,Aria,Bailey,31
764284,Ava,Collins,31
764288,Aria,Bailey,31
